group,kind,dataset,sample,source,frame_index,video_seconds,selection_score,crop_xywh,image
imaging_0706,imaging,0706_1,1,0706_123_1.5x_split_screen.mp4,156,5.2,406.5817,"[240, 56, 1440, 156]",.work/frames/imaging_0706/0706_1/frame_01.png
imaging_0706,imaging,0706_1,2,0706_123_1.5x_split_screen.mp4,180,6.0,411.8459,"[240, 56, 1440, 156]",.work/frames/imaging_0706/0706_1/frame_02.png
imaging_0706,imaging,0706_1,3,0706_123_1.5x_split_screen.mp4,410,13.667,415.3805,"[240, 56, 1440, 156]",.work/frames/imaging_0706/0706_1/frame_03.png
imaging_0706,imaging,0706_1,4,0706_123_1.5x_split_screen.mp4,516,17.2,498.4542,"[240, 56, 1440, 156]",.work/frames/imaging_0706/0706_1/frame_04.png
imaging_0706,imaging,0706_1,5,0706_123_1.5x_split_screen.mp4,588,19.6,548.8131,"[240, 56, 1440, 156]",.work/frames/imaging_0706/0706_1/frame_05.png
imaging_0706,imaging,0706_1,6,0706_123_1.5x_split_screen.mp4,780,26.0,458.7302,"[240, 56, 1440, 156]",.work/frames/imaging_0706/0706_1/frame_06.png
imaging_0706,imaging,0706_2,1,0706_123_1.5x_split_screen.mp4,156,5.2,497.9963,"[240, 428, 1440, 145]",.work/frames/imaging_0706/0706_2/frame_01.png
imaging_0706,imaging,0706_2,2,0706_123_1.5x_split_screen.mp4,180,6.0,1124.4321,"[240, 428, 1440, 145]",.work/frames/imaging_0706/0706_2/frame_02.png
imaging_0706,imaging,0706_2,3,0706_123_1.5x_split_screen.mp4,420,14.0,770.565,"[240, 428, 1440, 145]",.work/frames/imaging_0706/0706_2/frame_03.png
imaging_0706,imaging,0706_2,4,0706_123_1.5x_split_screen.mp4,449,14.967,809.0872,"[240, 428, 1440, 145]",.work/frames/imaging_0706/0706_2/frame_04.png
imaging_0706,imaging,0706_2,5,0706_123_1.5x_split_screen.mp4,588,19.6,743.1825,"[240, 428, 1440, 145]",.work/frames/imaging_0706/0706_2/frame_05.png
imaging_0706,imaging,0706_2,6,0706_123_1.5x_split_screen.mp4,741,24.7,1472.9307,"[240, 428, 1440, 145]",.work/frames/imaging_0706/0706_2/frame_06.png
imaging_0706,imaging,0706_3,1,0706_123_1.5x_split_screen.mp4,75,2.5,513.113,"[240, 780, 1440, 148]",.work/frames/imaging_0706/0706_3/frame_01.png
imaging_0706,imaging,0706_3,2,0706_123_1.5x_split_screen.mp4,252,8.4,392.9412,"[240, 780, 1440, 148]",.work/frames/imaging_0706/0706_3/frame_02.png
imaging_0706,imaging,0706_3,3,0706_123_1.5x_split_screen.mp4,396,13.2,642.3529,"[240, 780, 1440, 148]",.work/frames/imaging_0706/0706_3/frame_03.png
imaging_0706,imaging,0706_3,4,0706_123_1.5x_split_screen.mp4,540,18.0,530.5951,"[240, 780, 1440, 148]",.work/frames/imaging_0706/0706_3/frame_04.png
imaging_0706,imaging,0706_3,5,0706_123_1.5x_split_screen.mp4,588,19.6,601.5297,"[240, 780, 1440, 148]",.work/frames/imaging_0706/0706_3/frame_05.png
imaging_0706,imaging,0706_3,6,0706_123_1.5x_split_screen.mp4,756,25.2,300.8761,"[240, 780, 1440, 148]",.work/frames/imaging_0706/0706_3/frame_06.png
imaging_0718,imaging,0718_1,1,0718_123_split_screen.mp4,216,7.2,777.188,"[240, 48, 1440, 171]",.work/frames/imaging_0718/0718_1/frame_01.png
imaging_0718,imaging,0718_1,2,0718_123_split_screen.mp4,540,18.0,806.7183,"[240, 48, 1440, 171]",.work/frames/imaging_0718/0718_1/frame_02.png
imaging_0718,imaging,0718_1,3,0718_123_split_screen.mp4,636,21.2,851.652,"[240, 48, 1440, 171]",.work/frames/imaging_0718/0718_1/frame_03.png
imaging_0718,imaging,0718_1,4,0718_123_split_screen.mp4,1056,35.2,854.7358,"[240, 48, 1440, 171]",.work/frames/imaging_0718/0718_1/frame_04.png
imaging_0718,imaging,0718_1,5,0718_123_split_screen.mp4,1218,40.6,1014.2766,"[240, 48, 1440, 171]",.work/frames/imaging_0718/0718_1/frame_05.png
imaging_0718,imaging,0718_1,6,0718_123_split_screen.mp4,1523,50.767,938.7437,"[240, 48, 1440, 171]",.work/frames/imaging_0718/0718_1/frame_06.png
imaging_0718,imaging,0718_2,1,0718_123_split_screen.mp4,92,3.067,820.8902,"[240, 412, 1440, 162]",.work/frames/imaging_0718/0718_2/frame_01.png
imaging_0718,imaging,0718_2,2,0718_123_split_screen.mp4,579,19.3,823.2797,"[240, 412, 1440, 162]",.work/frames/imaging_0718/0718_2/frame_02.png
imaging_0718,imaging,0718_2,3,0718_123_split_screen.mp4,817,27.233,969.3254,"[240, 412, 1440, 162]",.work/frames/imaging_0718/0718_2/frame_03.png
imaging_0718,imaging,0718_2,4,0718_123_split_screen.mp4,903,30.1,977.8252,"[240, 412, 1440, 162]",.work/frames/imaging_0718/0718_2/frame_04.png
imaging_0718,imaging,0718_2,5,0718_123_split_screen.mp4,1246,41.533,733.5101,"[240, 412, 1440, 162]",.work/frames/imaging_0718/0718_2/frame_05.png
imaging_0718,imaging,0718_2,6,0718_123_split_screen.mp4,1466,48.867,710.2081,"[240, 412, 1440, 162]",.work/frames/imaging_0718/0718_2/frame_06.png
imaging_0718,imaging,0718_3,1,0718_123_split_screen.mp4,197,6.567,472.5417,"[240, 773, 1440, 170]",.work/frames/imaging_0718/0718_3/frame_01.png
imaging_0718,imaging,0718_3,2,0718_123_split_screen.mp4,398,13.267,521.7815,"[240, 773, 1440, 170]",.work/frames/imaging_0718/0718_3/frame_02.png
imaging_0718,imaging,0718_3,3,0718_123_split_screen.mp4,846,28.2,466.3968,"[240, 773, 1440, 170]",.work/frames/imaging_0718/0718_3/frame_03.png
imaging_0718,imaging,0718_3,4,0718_123_split_screen.mp4,932,31.067,532.3778,"[240, 773, 1440, 170]",.work/frames/imaging_0718/0718_3/frame_04.png
imaging_0718,imaging,0718_3,5,0718_123_split_screen.mp4,1304,43.467,635.9778,"[240, 773, 1440, 170]",.work/frames/imaging_0718/0718_3/frame_05.png
imaging_0718,imaging,0718_3,6,0718_123_split_screen.mp4,1561,52.033,673.2186,"[240, 773, 1440, 170]",.work/frames/imaging_0718/0718_3/frame_06.png
vslam_0718,vslam,VSLAM-11,1,0718_123_ORB_incremental_VSLAM_six_way_strict_sync.mp4,149,3.405,594.805,"[240, 2, 1440, 356]",.work/frames/vslam_0718/VSLAM-11/frame_01.png
vslam_0718,vslam,VSLAM-11,2,0718_123_ORB_incremental_VSLAM_six_way_strict_sync.mp4,844,19.286,504.3935,"[240, 2, 1440, 356]",.work/frames/vslam_0718/VSLAM-11/frame_02.png
vslam_0718,vslam,VSLAM-11,3,0718_123_ORB_incremental_VSLAM_six_way_strict_sync.mp4,1192,27.238,546.6463,"[240, 2, 1440, 356]",.work/frames/vslam_0718/VSLAM-11/frame_03.png
vslam_0718,vslam,VSLAM-11,4,0718_123_ORB_incremental_VSLAM_six_way_strict_sync.mp4,1331,30.414,516.1863,"[240, 2, 1440, 356]",.work/frames/vslam_0718/VSLAM-11/frame_04.png
vslam_0718,vslam,VSLAM-11,5,0718_123_ORB_incremental_VSLAM_six_way_strict_sync.mp4,1818,41.542,481.3958,"[240, 2, 1440, 356]",.work/frames/vslam_0718/VSLAM-11/frame_05.png
vslam_0718,vslam,VSLAM-11,6,0718_123_ORB_incremental_VSLAM_six_way_strict_sync.mp4,2124,48.534,504.877,"[240, 2, 1440, 356]",.work/frames/vslam_0718/VSLAM-11/frame_06.png
vslam_0718,vslam,VSLAM-22,1,0718_123_ORB_incremental_VSLAM_six_way_strict_sync.mp4,288,6.581,604.2196,"[240, 362, 1440, 356]",.work/frames/vslam_0718/VSLAM-22/frame_01.png
vslam_0718,vslam,VSLAM-22,2,0718_123_ORB_incremental_VSLAM_six_way_strict_sync.mp4,775,17.709,689.3534,"[240, 362, 1440, 356]",.work/frames/vslam_0718/VSLAM-22/frame_02.png
vslam_0718,vslam,VSLAM-22,3,0718_123_ORB_incremental_VSLAM_six_way_strict_sync.mp4,1122,25.638,674.8832,"[240, 362, 1440, 356]",.work/frames/vslam_0718/VSLAM-22/frame_03.png
vslam_0718,vslam,VSLAM-22,4,0718_123_ORB_incremental_VSLAM_six_way_strict_sync.mp4,1484,33.91,822.3401,"[240, 362, 1440, 356]",.work/frames/vslam_0718/VSLAM-22/frame_04.png
vslam_0718,vslam,VSLAM-22,5,0718_123_ORB_incremental_VSLAM_six_way_strict_sync.mp4,1860,42.502,786.8985,"[240, 362, 1440, 356]",.work/frames/vslam_0718/VSLAM-22/frame_05.png
vslam_0718,vslam,VSLAM-22,6,0718_123_ORB_incremental_VSLAM_six_way_strict_sync.mp4,2208,50.454,628.5515,"[240, 362, 1440, 356]",.work/frames/vslam_0718/VSLAM-22/frame_06.png
vslam_0718,vslam,VSLAM-33,1,0718_123_ORB_incremental_VSLAM_six_way_strict_sync.mp4,399,9.117,298.0742,"[240, 722, 1440, 356]",.work/frames/vslam_0718/VSLAM-33/frame_01.png
vslam_0718,vslam,VSLAM-33,2,0718_123_ORB_incremental_VSLAM_six_way_strict_sync.mp4,636,14.533,260.6019,"[240, 722, 1440, 356]",.work/frames/vslam_0718/VSLAM-33/frame_02.png
vslam_0718,vslam,VSLAM-33,3,0718_123_ORB_incremental_VSLAM_six_way_strict_sync.mp4,928,21.205,280.408,"[240, 722, 1440, 356]",.work/frames/vslam_0718/VSLAM-33/frame_03.png
vslam_0718,vslam,VSLAM-33,4,0718_123_ORB_incremental_VSLAM_six_way_strict_sync.mp4,1554,35.509,461.9506,"[240, 722, 1440, 356]",.work/frames/vslam_0718/VSLAM-33/frame_04.png
vslam_0718,vslam,VSLAM-33,5,0718_123_ORB_incremental_VSLAM_six_way_strict_sync.mp4,1693,38.686,446.1029,"[240, 722, 1440, 356]",.work/frames/vslam_0718/VSLAM-33/frame_05.png
vslam_0718,vslam,VSLAM-33,6,0718_123_ORB_incremental_VSLAM_six_way_strict_sync.mp4,2305,52.67,820.0624,"[240, 722, 1440, 356]",.work/frames/vslam_0718/VSLAM-33/frame_06.png
vslam_0706,vslam,VSLAM-44,1,0706_456_ORB_incremental_VSLAM_66_video2_strict_sync.mp4,405,5.671,487.2601,"[240, 2, 1440, 356]",.work/frames/vslam_0706/VSLAM-44/frame_01.png
vslam_0706,vslam,VSLAM-44,2,0706_456_ORB_incremental_VSLAM_66_video2_strict_sync.mp4,1004,14.057,407.6165,"[240, 2, 1440, 356]",.work/frames/vslam_0706/VSLAM-44/frame_02.png
vslam_0706,vslam,VSLAM-44,3,0706_456_ORB_incremental_VSLAM_66_video2_strict_sync.mp4,1261,17.656,484.0263,"[240, 2, 1440, 356]",.work/frames/vslam_0706/VSLAM-44/frame_03.png
vslam_0706,vslam,VSLAM-44,4,0706_456_ORB_incremental_VSLAM_66_video2_strict_sync.mp4,1808,25.314,494.7977,"[240, 2, 1440, 356]",.work/frames/vslam_0706/VSLAM-44/frame_04.png
vslam_0706,vslam,VSLAM-44,5,0706_456_ORB_incremental_VSLAM_66_video2_strict_sync.mp4,2082,29.151,514.2504,"[240, 2, 1440, 356]",.work/frames/vslam_0706/VSLAM-44/frame_05.png
vslam_0706,vslam,VSLAM-44,6,0706_456_ORB_incremental_VSLAM_66_video2_strict_sync.mp4,2868,40.156,447.8523,"[240, 2, 1440, 356]",.work/frames/vslam_0706/VSLAM-44/frame_06.png
vslam_0706,vslam,VSLAM-55,1,0706_456_ORB_incremental_VSLAM_66_video2_strict_sync.mp4,559,7.827,292.3703,"[240, 362, 1440, 356]",.work/frames/vslam_0706/VSLAM-55/frame_01.png
vslam_0706,vslam,VSLAM-55,2,0706_456_ORB_incremental_VSLAM_66_video2_strict_sync.mp4,816,11.425,329.2536,"[240, 362, 1440, 356]",.work/frames/vslam_0706/VSLAM-55/frame_02.png
vslam_0706,vslam,VSLAM-55,3,0706_456_ORB_incremental_VSLAM_66_video2_strict_sync.mp4,1466,20.526,315.1517,"[240, 362, 1440, 356]",.work/frames/vslam_0706/VSLAM-55/frame_03.png
vslam_0706,vslam,VSLAM-55,4,0706_456_ORB_incremental_VSLAM_66_video2_strict_sync.mp4,1859,26.028,363.0978,"[240, 362, 1440, 356]",.work/frames/vslam_0706/VSLAM-55/frame_04.png
vslam_0706,vslam,VSLAM-55,5,0706_456_ORB_incremental_VSLAM_66_video2_strict_sync.mp4,2355,32.973,385.055,"[240, 362, 1440, 356]",.work/frames/vslam_0706/VSLAM-55/frame_05.png
vslam_0706,vslam,VSLAM-55,6,0706_456_ORB_incremental_VSLAM_66_video2_strict_sync.mp4,2800,39.204,339.4781,"[240, 362, 1440, 356]",.work/frames/vslam_0706/VSLAM-55/frame_06.png
vslam_0706,vslam,VSLAM-66,1,0706_456_ORB_incremental_VSLAM_66_video2_strict_sync.mp4,422,5.909,572.4288,"[240, 722, 1440, 356]",.work/frames/vslam_0706/VSLAM-66/frame_01.png
vslam_0706,vslam,VSLAM-66,2,0706_456_ORB_incremental_VSLAM_66_video2_strict_sync.mp4,645,9.031,500.7282,"[240, 722, 1440, 356]",.work/frames/vslam_0706/VSLAM-66/frame_02.png
vslam_0706,vslam,VSLAM-66,3,0706_456_ORB_incremental_VSLAM_66_video2_strict_sync.mp4,1124,15.737,496.4472,"[240, 722, 1440, 356]",.work/frames/vslam_0706/VSLAM-66/frame_03.png
vslam_0706,vslam,VSLAM-66,4,0706_456_ORB_incremental_VSLAM_66_video2_strict_sync.mp4,1808,25.314,910.915,"[240, 722, 1440, 356]",.work/frames/vslam_0706/VSLAM-66/frame_04.png
vslam_0706,vslam,VSLAM-66,5,0706_456_ORB_incremental_VSLAM_66_video2_strict_sync.mp4,2458,34.415,948.0287,"[240, 722, 1440, 356]",.work/frames/vslam_0706/VSLAM-66/frame_05.png
vslam_0706,vslam,VSLAM-66,6,0706_456_ORB_incremental_VSLAM_66_video2_strict_sync.mp4,2732,38.252,859.2041,"[240, 722, 1440, 356]",.work/frames/vslam_0706/VSLAM-66/frame_06.png
